,precision,recall,f1-score,support
0,0.9987116909994713,1.0,0.9993554302972609,6354407.0
1,1.0,0.0019481310118105442,0.0038886863531413293,8213.0
accuracy,0.9987116942391656,0.9987116942391656,0.9987116942391656,0.9987116942391656
macro avg,0.9993558454997357,0.5009740655059053,0.5016220583252011,6362620.0
weighted avg,0.9987133539750729,0.9987116942391656,0.9980704614686945,6362620.0
